y,x1,x2,x3,x4,x5,x6,x7,x8
0.79,7.42,0.51,41.34,25.23,12.61,0.5,975.43,99.7
0.73,9.87,0.38,25.66,24.74,10.57,1.31,661.65,99.69
0.715,9.43,0.47,16.93,42.53,7.81,1.03,636.07,98.31
0.781,7.37,0.52,18.86,38.78,13.49,0.6,853.39,98.22
0.745,7.15,0.43,20.7,27.16,10.77,0.07,730.13,98
0.757,6.1,0.48,24.01,36.72,10,1.44,818.15,97.45
0.854,1.61,0.54,64.42,16.37,18.58,0.24,1580.72,100
0.745,6.51,0.41,23.92,32.66,7.73,1.99,642.59,99.03
0.712,8.28,0.44,11.93,40.04,7.86,1.75,556.36,99.12
0.741,12.15,0.36,29.14,41.72,14.93,1.29,558.38,98.66
0.687,12.42,0.42,17.79,28.58,7.34,0.51,616.38,99.75
0.73,7.43,0.45,26.34,25.42,9.93,0.44,731.49,99.09
0.7,10.34,0.35,16.81,33.58,13.82,0.61,560.3,100
0.766,5.78,0.42,30.79,25.92,6,1.68,747.27,98.88
0.728,11.22,0.41,16.38,39.73,12.32,1.85,627.14,99.66
0.758,8.75,0.46,27.42,42,9.22,1.57,672.03,95.99
0.688,10.83,0.38,6.56,44.33,6.97,1.4,512.99,98.54
0.722,13.21,0.53,44.57,43.52,9.2,1.98,710.49,99.3
0.811,3.26,0.47,48.79,13.92,8.73,0.32,1161.68,97.72
0.751,8.82,0.39,12.32,25.04,5.13,0.96,659.67,99.71
0.745,9.4,0.43,29.05,36.44,12.15,0.39,686.56,99.9
0.785,5.67,0.5,29.27,21.35,10.19,0.19,1027.6,95.09
0.754,7.93,0.53,28.47,40.09,10.18,0.88,823.33,100
0.779,7.1,0.51,41.11,27.46,10.53,1.17,919.36,99.35
0.719,8.14,0.45,24.16,38.42,7.92,1.55,597.99,98.88
0.721,8.1,0.42,16.12,41.01,6.92,0.11,554.16,99.33
0.741,9.83,0.42,17.53,42.31,9.71,1.75,561.82,100
0.755,4.11,0.46,22.44,33.25,8.23,0.49,775.17,95.95
0.721,14.41,0.47,38.86,45.51,13.87,3.12,611.22,99.36
0.71,9.61,0.55,16.32,61.06,7.55,8.82,492.43,91.42
0.704,8.64,0.46,20.4,31.68,5.06,0.57,691.69,96.39
0.788,4.52,0.52,42.07,23.67,9.77,0.63,1036.09,98.25
0.776,5.91,0.52,31.47,32.22,8.52,1.07,853.87,92.56
0.74,7.77,0.43,17.47,33.89,10.33,0.48,721.56,98.78
0.685,10.9,0.39,6.45,42.07,8.41,0.4,535.27,99.32
0.68,9.47,0.39,13.46,59.74,10.63,3.75,414.19,99.66
0.815,4.31,0.5,44.28,20.93,9.66,0.53,1080.66,97.75
0.781,5.72,0.47,34.9,23.44,8.57,0.51,921.76,98.57
0.722,18.7,0.4,25.75,46.33,12.42,2.07,520.01,99.56
0.744,8.78,0.45,30.62,38.52,13.09,1.15,697.3,99.51
0.697,10.53,0.44,9.11,64.22,8.9,3.87,396.78,99.21
0.695,13.56,0.36,11.11,28.07,5.78,0.65,570.09,88.64
0.733,9.77,0.4,22.63,22.58,9.25,0.47,751.35,98.9
0.749,6.96,0.46,24.73,22.35,6.65,0.43,823.24,99.65
0.784,6.13,0.56,28.99,33.09,5.23,1.89,910.67,94.13
0.735,16.28,0.44,43.77,37.04,10.06,1.71,619.43,99.69
0.805,4.9,0.5,42.77,26.49,9.95,0.33,967.39,99.75
0.765,5.9,0.53,32.49,26.59,8.89,0.95,1063.52,91.44
0.773,9.19,0.47,27.63,22.67,10.93,0.27,829.68,99.06
0.714,9.94,0.47,16.24,58.25,8.29,4.44,531.2,99.08
0.705,10.78,0.42,8.66,36.25,6.45,1.36,579.71,99.8
0.767,5.79,0.47,21.63,30.14,8.81,1.08,854.42,99.33
0.746,4.68,0.36,33.97,14.02,8.34,0.06,783.57,98.44
0.669,12.96,0.38,5.67,44.19,4.46,0,586.02,100
0.756,9.02,0.44,28.68,17.45,11.99,0.47,832.51,100
0.733,9.69,0.51,23.46,55.24,9.95,2.06,595.74,99.07
0.711,11.43,0.47,24.64,48.41,9.47,2.53,536.63,98.28
0.699,12.31,0.4,12.63,40.79,8.93,0.45,536.37,98.69
0.75,7.08,0.42,22.37,24.99,11.01,0.25,781.34,99.44
0.788,6.67,0.45,32.26,20.5,9.65,0.3,915.28,99.81
0.66,15.45,0.54,7.16,73.3,8.33,11.7,370.97,87.28
0.641,21.43,0.5,13.25,68.3,9.77,10.59,390.88,91
0.789,4.78,0.48,40.32,26.19,9.56,0.64,917,96.57
0.725,10.74,0.4,18.53,27.54,5.01,1.02,668.32,98.23
0.786,5.05,0.61,30.47,29.96,4.4,1.54,1095.84,98.06
0.751,8.49,0.41,33.38,30.8,8.73,1.28,609.76,96.33
0.761,6.05,0.5,31.34,26.91,9.67,0.96,941.79,99.72
0.801,3.66,0.55,43.68,25.45,9.12,1.08,1163.86,98.49
0.78,5.77,0.51,38.42,27.69,9.47,0.59,881.64,99.48
0.744,9.44,0.38,14.08,21.92,8.94,1.29,647.1,100
0.734,7.64,0.45,23.17,37.8,12.78,0.2,676.6,99.42
0.73,6.78,0.48,14.39,35.48,4.78,1.44,736.03,90.86
0.768,9.16,0.43,36.16,20.04,11.54,0.85,816.06,99.92
0.78,5.45,0.42,27.77,19.87,8.59,0.35,812.51,99.29
0.712,11.1,0.53,10.28,45.82,7.55,1.08,662.23,93.57
0.681,13.48,0.44,10.51,37.37,7.06,2.06,593.36,98.24
0.742,7.92,0.42,22.87,21.57,8.75,0.03,805.99,99.68
0.705,9.75,0.46,18.84,42.35,9.9,2.45,622.11,96.87
0.78,6.11,0.49,27.28,26.53,6.55,0.94,889.51,97.83
0.713,7.91,0.41,14.35,27.67,6.78,1.64,688.02,92.43
0.66,14.93,0.44,9.68,68.02,5.46,6.02,344.32,88.14
0.746,11.73,0.4,21.39,20.23,7.58,1.86,670.27,92.19
0.754,9.57,0.38,18.73,24.63,8.81,0,719.42,100
0.73,9.81,0.42,19.11,36.41,10.31,1,664.64,98.53
0.705,11.67,0.39,13.33,37.9,7.76,1.38,529.08,98.53
0.8,4.94,0.54,43.15,27.76,9.36,0.74,1089.1,98.24
0.776,5.3,0.52,31.92,24.83,8.61,0.7,974.08,97.7
0.737,11.02,0.43,19.6,24.65,12.27,0.33,726.71,99.79
0.71,14.32,0.39,15.19,17.28,9.06,0.96,631.02,99.06
0.755,5.01,0.44,17.45,21.43,8.83,0,787.91,98.65
0.74,8.1,0.41,14.19,24.74,9.08,0.78,722.76,99.55
0.667,11.58,0.5,14.35,66.06,7.11,4.69,435.15,97.64
0.763,10.47,0.44,29.16,34.09,9.7,0.38,779.78,99.35
0.735,7.07,0.46,35.03,30.56,10.39,0.44,817.16,99.49
0.694,12.05,0.4,15.16,49.68,8.29,0.58,507.41,96.81
0.738,7.95,0.42,21.47,26.63,5.24,1.12,694.03,98.72
0.788,5.06,0.5,30.23,30.81,7.64,0.97,871.87,96.71
0.764,4.98,0.52,30.24,42.15,8.71,1.2,764.6,97.41
0.72,9.33,0.5,19.21,52.97,9.9,1.17,627,99.11
0.742,8.54,0.46,23.82,39.58,10.74,1.14,680.71,98.94
0.729,15.69,0.37,36.3,32.88,11.37,1.3,559.13,98.82
0.781,4.88,0.47,35.26,29.24,4.91,1.01,800.15,96.73
0.697,14.35,0.45,16.23,52.96,9.82,4.02,500.47,98.64
0.728,6.52,0.43,24.58,31.25,4.38,3.14,676.5,97.39
0.694,12.68,0.47,20.33,54.94,7.37,5.14,481.48,95.37
0.734,9.72,0.4,20.53,32.24,9.92,0,679.75,99.6
0.713,7.33,0.4,18.68,35.47,8.87,1.75,597.11,97.29
0.717,10.08,0.53,9,57.94,8.73,2.15,575.66,99.26
0.805,3.89,0.56,48.63,21.85,8.47,1.06,1390.83,97.3
0.769,5.26,0.43,30.95,26.54,5.93,1.19,767.85,98.51
0.749,5.43,0.59,20.59,35.02,5.86,1.63,911.4,87.35
0.706,12.11,0.43,28.55,48.09,10.09,1.77,516.26,97.99
0.72,9.14,0.49,13.4,50.96,8.78,5.67,540.54,94.03
0.704,7.15,0.43,12.52,55.52,6.25,2.19,444.72,92.97
0.747,8.51,0.41,20.52,35.17,9.9,0.74,627.55,99.12
0.789,10.44,0.48,21.54,19.99,13.57,0.21,837.17,100
0.68,13.32,0.4,21.17,44.07,6.04,2.06,480.52,99.91
0.721,11.38,0.5,17.92,56.26,7.78,4.62,534.75,94.68
0.699,8.6,0.4,19.06,43.31,6.68,1.59,526.28,97.05
0.75,6.18,0.46,24.66,24.28,7.39,0.44,820.46,96.28
0.759,5.71,0.5,23.65,34.91,7.36,1.67,773.99,95.69
0.749,5.38,0.46,29.25,31.45,4.9,1.77,712.78,95.47
0.722,11.05,0.42,32.3,38.12,11.88,1.72,605.99,98.25
0.73,5.82,0.49,20.21,39.83,9.05,1.19,737.96,97.56
0.734,12.17,0.43,33.73,45.38,11.28,0.53,551.4,97.92
0.731,10.79,0.46,25.03,48.11,8.8,5.66,579.36,97.18
0.785,5.57,0.46,30.54,19.14,10.73,0.62,945.05,99.35
0.751,11.18,0.43,10.68,24.16,8.45,0.17,771.78,100
0.766,7.43,0.42,23.9,22.77,12.61,1.06,845.41,99.88
0.729,8.1,0.43,22.3,33.67,9.27,0.68,665.36,94.4
0.782,4.3,0.42,30.08,15.63,7.81,0.21,894.52,97.88
0.706,6.72,0.43,11.02,28.59,7.72,0.75,684.95,88.08
0.736,8.65,0.4,18.86,27.44,7.81,0.76,705.01,97.42
0.725,11.69,0.37,16.44,28.27,7.49,0.54,640.87,99.78
0.757,7.59,0.46,25.69,35.69,9.15,0.91,706.69,99.69
0.71,12.5,0.4,22.87,31.24,7.22,1.35,582.53,97.41
0.708,11.97,0.43,17.07,37.81,6.89,1.72,617.76,99.38
0.736,6.68,0.49,17.58,36.62,10.6,1.01,730.42,99.74
0.758,5.89,0.44,35.46,22.76,7.93,0.7,873.87,99.13
0.719,8.34,0.39,23.79,28.84,8.53,0.44,638.21,99.31
0.69,15.71,0.45,16.17,60.01,9.14,4.13,465.29,97.03
0.754,8.53,0.48,17.67,34.38,8.96,1.04,741.32,98.59
0.769,5.94,0.42,18.36,20.48,6.21,1.03,829.25,98.99
0.722,10.72,0.4,27.17,32.98,13.43,1.38,643.1,98.78
0.78,5.43,0.57,29.05,26.87,5.02,1.43,1085.66,95.26
0.756,7.73,0.42,25.26,29.19,7.73,1.08,784.4,99.65
0.734,10.13,0.48,18.23,37.2,7.84,0.19,721.31,100
0.774,9.44,0.43,25.68,36.05,10.82,1.23,614.17,98.66
0.788,3.36,0.53,32.24,37.03,8.38,2.84,809.24,99.2
0.737,6.63,0.45,20.26,35.13,5.11,2.36,689.21,96.22
0.684,12.79,0.54,15.64,62.12,9.55,3.96,525.19,97.22
0.76,6.63,0.45,32.17,28.99,9.94,0.91,798.74,96.79
0.757,5.39,0.43,26.05,30.15,4.78,1.44,694.55,95.8
0.741,16.8,0.37,60.99,31.97,13.74,2.06,570.51,99.56
0.734,7.73,0.48,20.3,41.63,10.71,0.67,707.97,99.5
0.718,19.08,0.38,18.12,33.11,5.96,0.75,589.47,98.63
0.725,9.81,0.46,26.95,40.48,9.62,0.63,727.28,96.34
0.742,14.77,0.36,39.66,27.71,13.17,0,620.98,100
0.738,9.39,0.37,31.48,23.63,11.12,0.39,697.37,100
0.776,6.97,0.44,36.11,23.32,11.88,0.1,862.86,99.4
0.748,8.36,0.43,31.1,32.02,12.06,0.42,688.4,98.27
0.744,8.77,0.39,18,26.49,6.67,0,705.3,98.64
0.745,12.21,0.53,34.87,46.86,11.03,1.63,703.55,98.65
0.691,14.18,0.49,14.86,67.72,8.84,6.08,411,89.16
0.695,9.32,0.42,13.38,29.08,6.94,2.42,625.66,95.57
0.747,11.8,0.33,9.12,12.27,10.19,0,666.93,99.91
0.73,9.9,0.36,17.04,23.23,10.57,0.27,717.97,99.48
0.735,6.2,0.45,21.77,33.78,3.99,1.58,622.77,96.86
0.749,7.61,0.5,24.6,37.59,6.31,2.89,676.52,95.82
0.727,14.23,0.38,26.01,39.19,11.82,1.08,584.76,98.69
0.732,11.23,0.45,48.31,33.22,5.17,1.57,707.37,98.37
0.787,6.98,0.57,30.18,28.88,10.06,0.35,1048.6,99.1
0.696,11.41,0.38,27.31,34.59,6.2,0.55,533.76,99.36
0.76,9.97,0.39,27.23,28.06,10.86,0.66,670.65,97.55
0.74,12.14,0.43,16.9,37.36,8.62,1.45,597.74,99.41
0.704,17.59,0.45,17.47,53.72,8.32,5.16,493.91,96.28
0.732,7.76,0.43,32.31,37.94,10.08,1.47,618.77,99.54
0.797,7.13,0.49,44.9,20.52,11.35,0.35,944,99.47
0.758,9.37,0.41,22.78,18.05,13.77,0.42,832.72,99.82
0.703,10.44,0.4,16.27,49.91,11.07,1.21,510.09,99.68
0.738,6.22,0.43,19.92,37.06,4.31,2.02,587.83,96.99
0.727,17.39,0.4,33.78,55.49,15.53,1.22,511.8,99.56
0.747,10.49,0.37,44.02,35.56,15.22,0.37,663.83,100
0.715,12.58,0.41,16.8,31.66,9.69,2.01,632.97,99.55
0.713,11.25,0.46,35.64,52.01,10.07,5.44,544.03,98.15
0.78,4.22,0.46,28.19,24.51,7.6,0.65,846.57,99.13
0.703,9,0.4,12.83,43.92,3.8,2.75,483.98,96.67
0.731,7.32,0.44,18.08,36.08,4.59,1.75,632.42,93.95
0.763,10.42,0.37,31.54,20.79,12.08,0.59,712.72,99.73
0.709,12.63,0.42,24.45,49.83,11.55,1.79,565.41,97.14
0.769,9.01,0.5,35.06,38.36,10.28,1.23,786.83,98.56
0.723,11.92,0.42,17.16,30.61,8.85,1.23,736.47,99.42
0.719,11.36,0.35,15.58,32.53,7.29,1,575.08,99.32
0.747,9.62,0.45,38.85,25.87,10.63,0.5,771.92,99.67
0.717,10.81,0.45,16.16,40.83,9.6,1.76,608.58,99.15
0.735,10.87,0.52,18.16,36.51,9.55,0.13,777.37,99.71
0.739,8.28,0.38,16.01,24.97,8.04,1.15,610.2,99.52
0.728,14.02,0.4,14.46,42.78,10.14,0.47,532.14,98.01
0.753,6.78,0.53,33.92,30.35,8.08,1.58,901.23,98.79
0.725,8.63,0.41,19.52,25.22,8.76,0.24,741.42,99.8
0.675,15.93,0.55,9.8,71.05,8.78,11.13,412.51,87.02
0.718,11.62,0.49,17.18,41.84,7.21,3.03,664.56,99.17
0.719,10.74,0.42,21.17,39.06,12.31,1.59,619.41,94.18
0.737,10.45,0.42,24.78,38.32,8.78,1.27,615.78,99.94
0.732,13.48,0.4,31.18,40.65,13.35,0.99,557.58,99.8
0.713,12.32,0.48,13.11,42.66,7.9,1.08,615.97,99.32
0.763,8.17,0.43,26.46,27.36,10.41,0.37,739.89,94.93
0.731,8.99,0.47,19.54,34.1,7.63,1.73,748.79,85.46
0.798,3.46,0.54,34.1,34.12,8.73,1.52,926.78,97.2
0.687,9.59,0.44,6.49,39.18,6.62,0.66,594.42,98.72
0.719,12.49,0.43,22.23,31.03,6.34,1.27,671.34,97.86
0.751,6.25,0.5,19.48,35.89,6.03,2.25,745,96.49
0.763,5.02,0.51,32.37,33.01,5.2,1.95,829.91,96.18
0.743,12.24,0.53,19.08,38.13,7.42,2.59,723.83,98.93
0.697,16.98,0.41,13.3,43.05,8.77,0.92,537.05,99.57
0.727,11.32,0.44,21.26,48.92,9.5,1.53,549.27,91.28
0.793,6.61,0.54,30.21,9.15,5.85,1.7,1274.53,95.31
0.756,5.89,0.41,21.67,26.62,4.84,0.82,686.96,97.11
0.745,8.29,0.4,19.03,30.92,9.64,0.64,712.15,94.68
0.733,11.9,0.44,24.97,43.57,10.83,1.58,628.14,99.62
0.674,10.21,0.52,13.34,52.38,4.14,14.84,497.81,81.29
0.703,9.25,0.37,17.14,32.67,5.97,0.89,552.79,99.59
0.74,10.42,0.48,16.91,32.91,11.55,0.88,803.36,99.39
0.708,8.18,0.43,22.9,36.14,9.86,2.49,593.7,99.68
0.747,6.66,0.43,18.42,25.01,8.7,0.42,791.99,95.15
0.71,10.71,0.48,16.36,42.31,7.35,1.94,624.55,89.16
0.72,8.69,0.45,19.76,34.7,7.34,1.11,690.78,97.81
0.736,9.93,0.44,30.47,40.46,11.44,1.84,623.96,95.05
0.727,11.88,0.36,16.93,34.15,7.08,0.68,590.77,99.6
0.768,9.74,0.67,21.4,27.84,9.46,1.17,1228.09,97.68
0.711,12.32,0.41,15.1,40.24,8.2,0.78,561.31,87.26
0.726,9.58,0.55,14.54,57.63,10.87,6.09,588.36,93.75
0.756,6.46,0.49,15.32,29.66,5.51,1.28,794.57,89.48
0.725,5.7,0.46,22.59,44.72,10.23,2.1,608.83,97.25
0.812,5.16,0.48,52.22,19.23,9.38,0.76,1063.04,99.3
0.788,4.15,0.47,40.08,13.39,6.88,0.17,1098.31,98.61
0.761,8.06,0.45,26.9,35.75,10.53,1.18,681.29,99.46
0.751,13.38,0.47,35.15,39.34,13.37,1.42,680.85,99.37
0.759,11.91,0.37,19.45,28.11,10.96,0.48,576.91,99.76
0.727,8.71,0.48,29.19,39.71,9.09,0.34,677.42,99.91
0.719,6.25,0.4,11.76,33.71,5.43,2.19,551.75,89.49
0.753,7.22,0.46,19.66,30.22,7.6,0.66,785.15,99.59
0.73,8.32,0.36,21.76,29.76,10.24,1.34,608.53,98.9
0.703,16.32,0.53,23.78,71.93,9.03,9.62,421.14,87.81
0.749,11.33,0.59,23.84,32.47,6.4,0.72,900.48,95.82
0.776,4.17,0.4,28.69,18.79,7.28,1.18,808.74,93.95
0.713,12.34,0.36,11.81,35.31,8.89,0.13,579.58,100
0.712,12.24,0.44,12.79,42.11,11.86,2.77,589.82,96.24
0.693,10.75,0.5,16.15,61.95,8.51,7.14,462.03,96.25
0.713,10.12,0.45,11.14,40.15,6.85,1.62,594.77,95.61
0.73,9.1,0.38,19.47,21.07,12,0.16,739.45,99.91
0.705,9.65,0.37,21.39,35.98,9.37,0.69,609.08,100
0.745,7.03,0.5,22.33,42.02,9.64,2.53,690.67,96.21
0.68,18.87,0.54,19.39,71.88,11.77,14.98,395.32,87.91
0.742,7.09,0.45,22.02,37.05,4.3,1.82,619.82,96.57
0.763,5.64,0.49,22.85,38.81,7.58,1.29,741.64,97.81
0.732,7.83,0.53,24.09,48.85,6.95,2.5,630.48,94.91
0.735,6.87,0.45,15.68,40.4,3.83,2.72,575.72,95.85
0.762,6.94,0.45,29.17,28.53,9.82,0.72,849.81,99.09
0.661,16.58,0.53,15.35,76.92,7.22,12.86,323.42,89.64
0.744,8.35,0.45,25.73,26.39,10.45,0.36,787.75,99.85
0.719,13.05,0.53,11.34,61.98,9.63,3.42,552.76,97.04
0.725,7.18,0.41,12.6,29.4,8.34,0.53,687.46,99.43
0.72,14.18,0.45,14.69,44.84,8.35,2.78,556.29,98.63
0.714,7.2,0.42,12.48,45.12,3.69,2.81,502.85,96.83
0.703,8.17,0.48,17.88,52.94,8.13,4.57,510.2,97.43
0.677,11.6,0.5,9.07,62.16,8.15,6.88,434.58,91.75
0.778,4.7,0.48,35.2,17.02,7.6,0.27,1080.74,97.1
0.706,10.45,0.43,12.41,41.05,6.56,0.9,568.58,98.4
0.724,10.29,0.48,13.76,28.71,7.16,1.38,772.14,98.62
0.707,10.85,0.44,13.93,46.27,8.61,1.99,526.62,99.64
0.717,10,0.41,15.15,38.94,8.8,0.32,611.41,98.2
0.773,5.4,0.52,29.59,24.2,7.09,0.49,1038.14,98.34
0.762,5.84,0.43,26.02,22.05,4.99,0.19,848.65,90.08
0.765,7.82,0.52,36.44,26.15,9.75,0.42,950.39,98.52
0.711,9.64,0.39,11.61,36.65,9.18,0.21,548.22,99.54
0.778,5.94,0.52,36.84,28.44,9.6,1.03,1015.51,99.51
0.777,4.54,0.49,31.57,31.43,7.11,1.11,846.53,98.48
0.723,10.24,0.35,23.21,32.44,7,0.23,624.57,99.88
0.717,11.59,0.53,20.65,56.82,8.15,4.13,574.52,86.84
0.784,5.26,0.49,36.31,21.17,7.2,0.51,1038.61,95.32
0.776,6.71,0.46,46.74,26.6,11.01,0.93,850.11,97.59
0.756,8.8,0.49,23.02,38.73,8.08,0.55,738.52,99.37
0.76,5.59,0.48,23.99,27.32,3.7,0.84,792.33,89.42
0.735,6.57,0.48,16.87,33.89,7.68,0.48,742.74,98.71
0.733,8.92,0.45,18.4,30.4,7.2,0.52,718.61,91.48
0.778,5.64,0.45,28.19,18.66,8.93,0.46,951.17,98.83
0.703,12.66,0.42,11.79,42.44,7.66,1.13,549.1,100
0.699,9.5,0.43,14.99,35.64,10.11,0.98,650.99,95.38
0.741,14.18,0.42,18.39,38.26,7.47,1.5,627.59,96.53
0.777,7.37,0.45,27.59,19.74,8.96,0.42,863.34,96.99
0.716,14.89,0.41,17.78,55.53,9.23,3.3,482.86,97.27
0.741,8.35,0.39,18.31,24.66,8.79,0.68,710.27,99.46
0.822,3.61,0.53,55.23,15.2,9.28,0.52,1431.55,97.28
0.745,10.32,0.43,28.91,29.37,11.5,0.98,737.14,99.57
0.7,13.56,0.49,15.38,60.18,9.22,6.77,467.35,90
0.709,13.54,0.49,17.13,52.47,6.45,2.62,550.32,95.56
0.693,12.84,0.48,16.04,56.13,12.83,2.57,573.28,98.7
0.729,5.71,0.41,23.64,25.04,10.04,0.56,760.58,99.55
0.721,9.62,0.38,14.47,33.79,7.01,1.94,614.14,98.58
0.729,7.77,0.55,17.71,58.42,5.75,8.15,500.59,98.63
0.744,8.81,0.48,28.34,33.74,7.26,0.64,746.15,99.13
0.764,6.34,0.43,28.83,21.91,7.23,0.41,816.48,98.34
0.775,4.79,0.48,35.92,24.7,7.87,0.85,910.85,97.54
0.742,7.11,0.4,29.63,24.75,9.48,0,714.18,99.54
0.786,5.48,0.45,39.69,22.27,9.97,0.6,919.53,99.31
0.766,4.35,0.52,29.13,37.35,8.42,1.76,781.28,98.47
0.742,12.78,0.37,33.5,35.66,10.06,2.32,612,100
0.777,5.45,0.5,20.32,13.91,5.12,0.52,1047.17,92.37
0.752,8.04,0.46,30.17,34.5,10.19,0.36,743.2,99.31
0.733,9.33,0.51,20.5,23.58,9.65,0,779.84,99.72
0.731,7.57,0.42,21.78,34.93,4.83,0.99,661.22,99.78
0.702,15.11,0.35,16.01,30.57,9.62,0.36,557.06,99.06
0.724,13.49,0.4,22.96,42.87,8.96,0.26,547.3,99.25
0.72,11.59,0.42,19.14,49.11,11.05,1.49,516.35,99.81
0.77,10.36,0.55,27.1,23.53,8.08,0.74,920.95,99.06
0.743,9.29,0.43,30.17,38.92,12.8,0.65,704.61,100
0.74,11.9,0.42,45.01,34.68,11.76,0.07,644.23,99.19
0.753,11.99,0.44,31.02,33.52,12.56,1.4,725.51,100
0.743,6.77,0.44,18.83,28.31,6.63,1.77,710.18,92.94
0.788,6.15,0.56,25.88,33.76,6,1.24,944.03,90.47
0.739,6.97,0.48,18.04,30.43,10,0.75,750.34,95.83
0.677,12.56,0.39,6.66,47.83,7.11,3.04,457.56,99.1
0.771,10.1,0.42,32.87,30.07,8.37,1.45,666.65,99.43
0.752,8.42,0.4,15.99,17.2,10.06,1.02,781.03,99.93
0.718,10.67,0.37,18.02,34.4,11.21,1.36,565.58,94.72
0.798,4.94,0.5,39.31,27.03,9.52,1.05,953.2,99
0.731,12.63,0.43,39.68,43.3,9.51,0.41,553.24,99.66
0.721,9.94,0.45,20.75,36.24,9.74,1.42,636,99.18
0.773,7.06,0.52,31.68,25.54,7.9,0.66,940.44,99.53
0.766,4.9,0.44,25.02,30.44,5.23,1.41,709.25,96.4
0.744,8.4,0.36,24.77,20.1,11.19,1.32,707.36,99.82
0.731,11.02,0.4,23.88,23.56,11.88,1.28,694.38,99.44
0.724,16.51,0.37,19.47,48.69,10.87,1.28,530.46,100
0.741,11.96,0.46,20.58,37.42,7.11,1.69,670.82,96.37
0.73,9.06,0.39,19.22,24.91,8.66,0.79,700.24,98.38
0.697,12.88,0.5,11.06,66.51,7.97,5.15,442.77,87.97
0.743,12.73,0.43,45.22,43.55,10.78,0.64,613.14,99.38
0.751,8.53,0.45,17.09,29.94,10.35,1.23,758.64,98.48
0.724,15.32,0.5,25.19,52.64,10.57,6.41,516.3,95.14
0.762,5.48,0.43,34.64,23.76,9.4,0.86,841.27,98.44
0.738,10.83,0.39,14.49,30.1,11.36,1.14,639.58,100
0.762,7.02,0.53,27.93,32.55,9.24,0.82,881.99,99.37
0.783,4.8,0.54,34.52,33.68,6.8,1.93,916.81,95.39
0.774,5.21,0.44,31.44,23.09,7.75,0.56,802.19,99.65
0.784,5.28,0.49,38.99,24.63,8.87,1.39,945.62,97.59
0.719,11.46,0.61,15.04,49.12,8.36,3.94,832.07,75.84
0.772,10.65,0.43,34.95,19.26,12.15,0.71,755.2,99.77
0.754,5.5,0.5,16.82,47.3,9.65,2.87,699.73,96.02
0.759,7,0.48,32.24,27.44,11.13,0.37,861.61,99.91
0.768,6.25,0.42,33.39,18.89,10.21,0.35,832.6,99.78
0.785,6.91,0.5,25.43,19.85,11.02,0.14,1032.05,100
0.753,9.86,0.46,27.27,27.97,9.86,0.07,765.11,99.56
0.741,14.35,0.38,16.08,32.17,12.9,0.45,646.15,99.12
0.71,12.73,0.48,15,53.21,10.51,1.43,593.95,97.97
0.733,8.79,0.44,18.02,34.98,5.98,1.53,674.23,94.86
0.712,10.37,0.45,17.37,34.56,6.02,1.14,687.37,99.43
0.715,7.03,0.41,21.68,25.13,7.7,1.59,733.72,98.04
0.741,9.42,0.45,19.75,34.51,7.44,11.23,567.17,99.31
0.726,9.8,0.43,31.38,44.34,13.71,2.45,636.47,97.47
0.714,17.56,0.35,26.04,46.21,7.24,0.42,472.28,95.16
0.718,14.31,0.36,20.59,39.89,7.21,1.38,482.74,98.23
0.655,19.85,0.51,7.37,65.91,12.53,7.96,496.93,91.63
0.678,13.98,0.45,10.9,47.22,9.83,2.59,554.18,89.21
0.754,8.49,0.4,33.32,19.71,13.26,0.24,784.55,100
0.751,8.68,0.49,34.96,27.77,12.89,1.4,878.42,99.96
0.713,10.64,0.37,9.13,28.05,7.93,0.67,628.33,98.97
0.738,6.91,0.38,21.28,33.2,11.92,1.22,662.48,99.86
0.651,12.25,0.47,7.3,73.56,5.1,7.39,330.03,94.66
0.715,13.24,0.34,36.89,43.84,14.9,2.12,526.58,98.85
0.756,10.53,0.36,49.46,30.46,10.67,1.06,600.13,100
0.765,8.85,0.39,15.67,26.56,7.32,0.19,697.32,99.22
0.739,8.47,0.44,15.27,26.27,9.72,1.16,737.29,99.16
0.726,14.9,0.41,25.88,32.03,13.32,1.17,652.36,99.68
0.735,9.68,0.36,13.38,33.8,7.92,1.25,533.68,99.21
0.719,14.29,0.45,7.3,35.71,7.43,1.22,671.15,98.94
0.743,14.13,0.35,16.82,25.15,8.66,0,643.07,99.88
0.791,4.35,0.41,31.45,14.14,6.98,0.3,878.14,98.62
0.753,9.19,0.45,21.89,30.48,10.05,2.13,806.75,98.94
0.746,6.59,0.45,26.11,31.34,9.04,0.44,751.92,99.43
0.717,11.1,0.39,14.76,40.43,9.97,0.77,547.66,99.66
0.73,7.22,0.43,20.8,40.56,12.16,1.59,676.94,99.24
0.773,6.66,0.43,31.04,29.63,10.24,0.72,783.14,95.91
0.738,9.98,0.34,15.28,20.7,8.47,0.07,597.67,99.62
0.77,8.01,0.44,27.63,34.13,11.27,0.9,694.16,99.65
0.767,8.73,0.38,34.33,17.72,6.06,0.14,699.63,100
0.78,6.28,0.5,30.1,23.69,7.91,0.84,934.54,99.65
0.776,4.18,0.53,43.94,27.15,6.37,1.5,1003.4,96.15
0.749,11.59,0.45,31.73,33.83,13.84,0.77,675.35,100
0.762,7.74,0.46,27.17,30.22,12.06,0.76,797.55,99.58
0.778,6.02,0.5,35.61,28.58,9.04,0.68,868.91,99.43
0.77,11.48,0.43,43.31,29.27,9.16,0.27,694.33,99.61
0.692,16.87,0.39,16.09,43.21,10.24,1.44,504.63,99.6
0.725,12.27,0.45,14.97,41,11.48,1.54,694.16,97
0.732,10.05,0.4,16.31,26.46,11.94,0.42,692.43,99.88
0.722,14.26,0.34,10.5,24.7,4.82,0.16,615.01,99.41
0.753,10.5,0.42,36.97,31.51,13.39,0.67,707.38,99.28
0.746,6.64,0.44,34.05,31.62,11.47,2.71,739.37,98.87
0.722,10.59,0.51,19.72,37.28,7.98,0.91,722.51,99.21
0.762,8.25,0.45,25.26,32.19,8.74,1.54,694.42,99.53
0.719,11.56,0.51,23.79,46.95,8.96,2.48,657.59,98.15
0.749,11.13,0.45,32.67,26.06,10.44,1.04,855.28,99.43
0.717,11.35,0.47,19.13,38.65,6.88,2.53,613.31,97.23
0.732,12.92,0.45,33.85,32.32,11.22,0.91,670.18,99.96
0.737,10.5,0.42,28.47,47.49,12.46,0.92,597.44,98.9
0.727,9.88,0.46,20.97,36.45,8.47,0.35,696.71,99.47
0.736,8.32,0.47,16.69,48.48,8.81,2.24,557.69,97.36
0.721,13.02,0.4,20.66,13.94,10.19,0,705.62,99.07
0.73,8.43,0.42,27.43,39.9,7.99,0.89,607.51,99.96
0.711,11.59,0.44,15.1,36.4,7.24,0.88,592.42,99.19
0.795,4.23,0.48,44.69,17.29,5.34,0.63,1160.79,98.82
0.718,12.79,0.43,18.18,35.54,9.78,2.01,560.94,96.99
0.725,12.42,0.51,17.05,37.75,9.58,1.92,708.63,98.92
0.739,8.21,0.49,24.57,30.9,7.9,2.24,788.42,94.42
0.677,14.26,0.41,12.3,49.03,9.65,1.15,521.38,94.68
0.742,11.07,0.38,38.61,31.37,12.28,1.81,615.77,99.02
0.715,9.46,0.49,24.21,38.34,7.98,1.79,690.08,97.36
0.769,5.74,0.42,34.8,15.24,8.1,0.35,853.76,98.68
0.774,8.36,0.56,32.59,35.57,9.25,0.27,847.63,99.8
0.696,12.65,0.47,8.81,59.76,9.33,4.96,467.93,98.53
0.759,6.53,0.47,26.09,26.19,10.62,0.43,840.16,99.73
0.766,10.21,0.48,35.65,36.28,10.42,1.22,743.94,98.33
0.736,8.1,0.44,18.33,33.17,9.2,0.61,692.35,99.16
0.749,7.2,0.53,19.08,43.65,10.38,2.68,753.85,97.03
0.732,13.73,0.4,42.71,45.11,10.46,2.95,553.99,99.14
0.716,10.64,0.47,16.58,40.66,8.65,2.43,601.32,93.91
0.69,9.17,0.43,26.93,43.76,8.16,1.41,531.06,98.75
0.773,4.69,0.52,31.92,34.2,6.55,1.32,826.02,95.92
0.737,9.86,0.39,20.97,21.47,11.08,0.39,732.68,98.38
0.725,9.18,0.42,27.58,35.05,10.81,1.15,652.43,97.92
0.711,13.96,0.42,13.47,42.93,11.22,3.12,514.47,97.82
0.757,5.82,0.49,22.98,45.62,9.65,3.54,665.74,98.35
0.739,9.3,0.57,31.89,34.19,8.92,2.01,893.05,89.94
0.785,3.67,0.52,37.61,21.93,8.41,0.94,1143.2,98.26
0.758,7.19,0.48,29.26,31.39,10.19,0.23,801.23,99.29
0.749,9.45,0.47,14.1,28.08,9.88,0.6,770.38,94.88
0.756,9.45,0.38,25.44,23.83,10.97,0.45,774.99,99.8
0.727,7.65,0.47,15.68,48.79,4.79,2.55,546.69,95.83
0.776,9.14,0.52,35.69,38.54,9.08,1.09,798,99.55
0.801,4.81,0.51,33.87,25.87,9.91,0.43,1086.22,97.55
0.779,6.91,0.48,32.41,23.75,10.32,1.44,917.62,99.4
0.723,10.07,0.41,19.39,34.22,6.89,2.18,620.66,92.88
0.719,12.1,0.37,17.82,33.86,7.39,0.56,560.64,97.78
0.719,12.2,0.49,22.02,45.39,9.02,1.66,591.1,99.61
0.771,4.04,0.43,26.59,33.44,5.45,2.34,664.31,98.9
0.766,11.36,0.39,24.13,20.56,13.72,0,778.41,99.82
0.786,6.14,0.47,42.48,28.05,9.5,0.94,850.38,99.59
0.755,10.79,0.45,25.46,37.83,12.35,0,736.33,99.79
0.725,12.18,0.44,8.82,33.95,4.81,1.55,699.28,95.89
0.702,17.03,0.38,24.85,32.92,8.3,0.57,541.56,98.48
0.732,12.97,0.38,27.65,25.46,11.87,0.68,642.68,99.56
0.714,15.8,0.41,30.34,33.2,13.26,1.04,621.48,95.73
0.703,8.5,0.48,5.36,46.24,11.12,3.18,606.65,90.88
0.758,6.41,0.45,24.3,24.04,7.96,0.66,785.76,98.26
0.751,6.3,0.45,27.65,29.32,9.03,0.65,779,99.38
0.697,5.94,0.37,7.45,45.13,4.44,1.53,460.22,97.34
0.747,8.16,0.4,27.56,22.64,11.26,0.08,785.96,99.79
0.696,14.33,0.38,4.95,56.91,5.42,1.91,480.62,100
0.733,10.7,0.45,23.14,26.57,6.32,1.74,788.76,96.49
0.754,4.94,0.49,23.69,32.88,8.3,1.62,820.97,97.9
0.701,9.38,0.4,15.45,41.61,6.57,0,553.4,99.43
0.735,12.4,0.47,20.73,41.94,10.31,2.53,665.72,99.81
0.757,9.12,0.46,24.29,42.46,12.76,2.14,695.29,98.46
0.75,8.35,0.47,28.01,34.13,8.41,2.22,680.56,98.66
0.806,4.71,0.54,43.9,23.65,9.43,0.85,1080.22,99.33
0.763,7.99,0.49,27.36,27.73,10.38,0.89,846.18,97.5
0.743,6.9,0.43,34.49,28.26,8.93,0.99,726,95.44
0.678,11.03,0.49,18.24,52.42,9.18,1.09,625.35,98.69
0.738,9.93,0.41,22.99,31.13,8.53,1.16,648.64,98.36
0.715,16.83,0.42,8.06,50.45,8.37,3.79,491.84,100
0.722,7.98,0.46,14.9,49.94,7.07,5.69,500.25,99.31
0.732,11.63,0.43,30.1,45.63,10.38,2.11,581.09,99.43
0.745,5.84,0.4,16.89,22.51,8.96,1.47,717.07,99.24
0.751,8.78,0.47,27.7,37.81,10.03,1.5,707.37,98.11
0.657,12.49,0.45,17.09,65.22,10.43,7.55,411.77,98.49
0.768,8.97,0.46,39.31,30.77,9.67,0.5,774.14,99.54
0.728,10.24,0.41,4.44,39.42,8.3,0.56,685.32,100
0.754,6.85,0.52,26.65,42.48,8.41,1.74,699.41,92.62
0.705,11.58,0.38,12.4,41.03,6.29,3.51,499.24,95
0.698,15.11,0.47,17.14,73.48,11.02,2.82,416.85,89.86
0.712,11.93,0.46,15.76,36.34,8.83,0.29,673.96,99.36
0.639,15.76,0.46,9.28,74.57,6.2,9.6,318.44,91.15
0.711,12,0.42,14.22,42.44,6.86,1.18,579.04,99.57
0.747,8.78,0.59,50.02,38.91,10.62,1.01,866.43,98.81
0.721,16.18,0.38,31.46,52.61,13.81,2.04,489.94,98.7
0.705,16.27,0.41,6.95,57.74,8.64,4.05,436.21,93.05
0.784,4.19,0.44,32.16,23.7,6.95,0.99,847.11,96.79
0.8,3.4,0.54,42.42,18.81,8.67,0.61,1314.04,98.27
0.664,16.33,0.5,13.9,75.59,11.62,8.74,412.42,96.98
0.74,7.94,0.45,14.35,40.42,10.27,1.8,677.62,99.9
0.734,9.46,0.44,20.39,41.11,8.09,2.11,626.27,99.46
0.723,12.41,0.43,25.58,35.66,12.95,1.05,606.9,98.09
0.803,4.18,0.5,36.5,21.06,9.36,0.37,1049.16,98.42
0.759,7.61,0.45,24.8,25.51,6.24,0.48,804,96.75
0.749,6.75,0.39,19.53,33.77,5.03,1.98,563.57,97.55
0.703,15.83,0.4,20.93,43.58,7.33,1.94,539.22,99.63
0.764,9.24,0.6,32.69,46.04,7.08,4.84,843.59,94.22
0.737,6.55,0.43,23.56,42.45,6.5,0.38,588.39,99.07
0.721,13.39,0.37,16.74,30.26,8.43,1.21,565.62,99.79
0.759,8.25,0.39,51.53,29.81,13.56,0.64,676.48,94.72
0.728,10.05,0.41,16.33,29.07,11.54,0.71,655.4,98.54
0.73,16.63,0.47,28.24,44.85,10.61,1.74,592.88,99.61
0.751,12.53,0.42,18.67,30.67,10.77,1.47,654.79,99.6
0.772,6.25,0.43,24.23,21.18,9.19,0.15,789.73,100
0.732,11.41,0.42,19.67,41.01,8.33,1.09,576.55,95.97
0.719,17.24,0.39,18.14,38.65,10.5,1.25,544.52,99.04
0.791,3.29,0.39,39.73,12.28,8.8,0.04,967.88,99.2
0.78,4.89,0.45,35.63,21,7.27,0.43,876.67,97.11
0.729,9.81,0.44,18.97,41.4,7.64,1.26,618.93,95.23
0.704,11.69,0.42,11.81,46.61,10.28,2.53,499.65,98.77
0.709,14.35,0.43,17.45,51.11,6.11,3.09,502.4,99.28
0.76,9.31,0.43,25.52,19.07,9.85,0.22,853.14,97.02
0.728,12.06,0.42,27.13,33.44,13.86,1.03,686.89,99.81
0.781,4.51,0.41,29.12,15.83,7.16,0.37,863.02,98.55
0.735,8.39,0.47,20.37,48.19,8.96,1.36,645.59,90.17
0.733,13.15,0.45,42.2,35.23,12,0.39,672.98,99.48
0.79,6.43,0.67,29.74,26.83,11.12,1.35,1400.46,99.22
0.743,6.65,0.53,16.36,32.28,8.76,2.49,700.57,99.66
0.728,9.96,0.51,18.16,30.4,7.39,1.01,829.66,99.42
0.762,6.56,0.46,35.37,28.39,10,0.33,818.3,99.68
0.738,9.29,0.42,22.6,28.71,6.56,0.42,688.24,99.55
0.784,7.82,0.49,51.94,19.9,11.42,0.61,924.06,99.72
0.737,5.87,0.38,22.99,17.3,5.48,0.52,718.03,95
0.738,9.37,0.45,21.02,38.12,7.13,3.21,623.11,97.52
0.737,10.26,0.39,9.67,24.29,6.52,0.59,609.37,99.07
0.686,10.74,0.45,9.98,39.7,7.61,4.05,578.55,98.23
0.739,14.74,0.4,6.62,40.71,11.97,0.63,561.64,99.8
0.773,10.55,0.42,45.78,21.76,16.76,0.43,856.78,100
0.814,5.6,0.67,39.48,28.45,4.58,1.45,1858.69,92.53
0.761,13.62,0.39,36.92,24.04,14.98,0.52,666.14,99.79
0.775,5.25,0.48,31.18,27.71,12.83,0.53,930.59,99.39
0.77,6.01,0.5,27.85,30.08,10.01,0.92,829.2,99.84
0.772,6.82,0.35,45.05,24.06,12.3,0.65,673.2,100
0.753,8.57,0.52,33.44,45.73,11.82,1.13,726.34,98.21
0.815,3.26,0.53,52.54,23.71,9.31,0.78,1304.31,98.18
0.702,6.93,0.42,18.16,44.92,10.8,1.24,585.63,99.46
0.702,9.82,0.44,17.25,29.78,7.53,1.24,695.67,99.73
0.757,11.76,0.41,31.29,28.58,7.49,0.77,662.71,98.96
0.714,10.27,0.41,11.41,28.32,10.5,2.09,635.11,99.93
0.706,9.94,0.47,10.87,50.76,8.87,1.17,569.08,98.91
0.732,13.76,0.41,12.9,43.32,12.45,2.85,497.6,96.77
0.74,10.86,0.35,19.46,32.82,8.7,0.37,551.5,99.81
0.84,2.53,0.55,52.52,18.12,14.05,0.6,1693.65,98.42
0.72,10.17,0.55,16.77,42.34,10.68,2.21,701.89,99.68
0.805,3.65,0.54,46.96,23.93,6.56,0.99,1212.65,96.35
0.862,1.76,0.54,76.78,7.45,13.89,0.09,2043.74,97.75
0.805,4.36,0.49,44.43,20.23,8.94,0.58,1079.45,99.59
0.723,14.28,0.45,34.9,39.98,12.14,0.29,643.37,99.85
0.797,4.56,0.51,29.84,24.51,10.43,0.32,998.31,98.11
0.72,11.9,0.36,26.23,43.84,11.03,0.74,532.23,99.03
0.748,13.5,0.37,45.54,34.34,10.17,2.9,559.18,100
0.75,13.11,0.33,32.3,16.94,15.26,0.73,680.13,99.78
0.762,6.13,0.42,23.46,22.4,8.39,0.36,799.93,98.44
0.693,13.94,0.46,6.4,46.45,7.49,2.45,548.31,98.82
0.684,13.31,0.55,13.15,67.49,9.76,7.09,506.16,98.37
0.774,5.79,0.49,30.79,36.38,10.19,0.8,818.61,97.46
0.797,3.79,0.5,43.91,17.62,9.47,0.46,1169.16,97.9
0.807,3.55,0.55,41.47,22.25,6.22,1.01,1190.96,97.34
0.728,10.41,0.47,19.69,41.83,6.71,1.61,640.64,85.38
0.697,12.06,0.48,17.7,59.03,11.08,0.99,590.68,98.85
0.744,8.64,0.45,23.36,27.85,8.82,1.3,773.82,99.18
0.71,10.03,0.57,7.77,49.46,7.67,4.09,657.07,94.6
0.805,3.74,0.62,48.25,26.54,8.13,0.92,1516.21,96.69
0.755,6.11,0.46,22.43,32.75,10.96,0.49,803.02,98.24
0.703,10.35,0.39,28.57,45.21,9.53,1.79,488.08,99.56
0.768,5.36,0.5,34.57,28.7,8.4,1.61,932.62,93.6
0.772,7.22,0.49,21.95,26.42,5.43,0.68,837.48,96.67
0.701,10.08,0.41,10.51,41.9,9.18,0.82,581.04,99.73
0.766,5.83,0.45,20.57,31.18,10.27,0.71,761.14,98.21
0.768,5.08,0.47,23.38,32.09,7.5,1.48,789.32,97.9
0.707,10.9,0.52,12.81,50,8.53,1.67,619.86,98.04
0.688,13.7,0.44,10.95,43.19,8.64,0.3,548.61,99.84
0.773,10.08,0.42,35.43,22.22,11.02,0.16,840.63,100
0.686,10.74,0.45,6.9,34.91,5.83,1.59,613.57,94.3
0.729,7.9,0.37,12.01,23.81,5.32,0.52,677.75,99.52
0.767,7.46,0.48,24.86,27.19,12.06,0.25,927.39,97.21
0.761,6.63,0.46,29.33,21.61,6.72,0.6,953.23,98.25
0.673,12.85,0.5,14.52,65.2,8.62,4.12,459.28,93.71
0.715,13.67,0.41,20.63,24.99,6.88,0.28,657.45,99.58
0.678,13.72,0.48,11.8,61.79,9.5,4.87,475.69,99.32
0.729,8.16,0.44,26.17,31.31,11.9,0.88,785.71,85.33
0.798,3.74,0.52,38.72,21.58,7.41,0.89,1107.19,98.83
0.747,11.71,0.54,33.8,30.81,8.34,1.49,813.95,99.42
0.762,6.05,0.45,25.06,23.9,5.28,0.88,820.03,97.23
0.765,5.99,0.47,21.7,38.97,5.49,1.91,654.61,95.16
0.699,14.96,0.41,37.06,49.1,10.02,3.4,500.45,95.98
0.735,9.48,0.4,18.8,27.71,11.22,0.49,731.31,99.72
0.704,11.77,0.4,17.46,29.26,8.37,1.8,625.39,99.48
0.769,4.87,0.47,37.02,29.28,4.9,1.62,812.19,98.01
0.723,13.93,0.38,19.57,31.81,9.45,1.61,559.1,97.77
0.709,9.72,0.37,11.41,28.86,6.82,0.68,587.51,98.69
0.71,13.63,0.41,17.47,34.21,10.71,1.42,626.12,99.7
0.76,10.09,0.42,24.64,33.91,12.04,0.51,761.47,99.8
0.731,6.6,0.45,20.26,33.52,9.52,0.72,747.11,99.94
0.748,8.32,0.42,27.11,26.38,11.25,0.8,775.79,99.46
0.681,13.72,0.44,13.74,59.82,8.26,3.66,449.75,97.32
0.751,7.82,0.4,18.1,33.16,9.41,0.71,637.12,98.04
0.759,13.54,0.51,32.33,23.8,8.55,1.54,811.38,99.33
0.748,8.76,0.46,24.09,33.31,9.76,0.98,739.25,97.91
0.701,10.53,0.48,15.69,41.2,8.37,2.48,624.86,97.83
0.679,12.48,0.43,5.86,66.66,5.4,1.77,373.06,95.27
0.726,13.8,0.4,18.91,47.67,8.54,2.41,505.51,99.15
0.753,10.93,0.54,27.25,34.29,6.38,1.72,787.79,94.44
0.752,5.15,0.47,26.79,30.66,8.03,1.18,771.05,99
0.8,3.54,0.51,43.55,24.8,7.62,0.84,1011.95,98.65
0.668,19.02,0.48,12.92,54.97,7.74,2.88,510.13,94.39
0.741,11.61,0.47,20.82,38.08,6.92,5.1,619.79,98.6
0.749,9.01,0.45,24.07,25.52,9.09,0.66,759.32,99.72
0.778,4.47,0.48,22.33,25.73,9.07,1.04,927.25,99.63
0.71,12.33,0.46,24.13,44.06,11.83,1.45,580.24,99.62
0.714,5.85,0.39,23.58,46.02,11.93,1.11,548.39,96.81
0.744,7.86,0.45,24.59,30.47,11.34,0.2,770.15,100
0.722,13.15,0.4,13.53,48.71,9.26,0.53,505.36,99.16
0.785,4.78,0.53,29.56,32.42,6.43,1.38,959.88,97.88
0.753,11.19,0.41,34.13,33.16,13.36,0.93,663.71,99.8
0.728,10.66,0.39,17.48,38.54,11.65,0.41,630.49,88.67
0.771,8.07,0.54,27.43,32.46,12.53,1.07,926.96,99.68
0.769,8.12,0.49,35.07,25.42,13.21,0.69,914.36,99.73
0.751,13.73,0.35,38.93,22.68,14.4,1.54,676.92,99.8
0.736,13.55,0.39,40.87,29.11,14.61,1.28,725.06,99.3
0.7,11.71,0.35,15.2,35.36,6.37,0.71,522.27,99.78
0.751,7.13,0.58,19.23,40.98,6.2,2.58,803.5,96.74
0.727,11.5,0.42,26.39,42.23,10.01,1.26,580.57,97.96
0.721,8.82,0.4,23.38,34.58,12.07,1.21,655.13,99.41
0.749,14.37,0.35,16.32,32.8,10.57,0.77,610.77,100
0.746,10.78,0.46,37.09,35.77,12.39,1.42,739.08,99.49
0.712,8.28,0.39,20.43,39.1,11.03,3.91,544.1,100
0.745,7.93,0.43,24.07,19.81,12.32,0.4,805.66,99.45
0.735,8.66,0.36,19.31,21.76,8.42,1.07,654.97,94.44
0.819,3.72,0.54,52.93,11.85,8.14,0.15,1570.91,96.94
0.725,8.99,0.45,23.66,34.62,7.29,1.47,701.02,97.07
0.699,11.99,0.38,13.2,34.08,10.29,0.83,587.59,96.34
0.737,7.14,0.42,21.43,29.85,8.79,0.83,711.6,99.64
0.77,5.04,0.5,24.86,24.93,5.68,1.38,876.61,96.78
0.759,6.26,0.39,25.37,22.2,4.84,1.15,706.02,95.35
0.754,9.61,0.45,20.37,29,11.78,0.88,713.66,97.91
0.817,4.05,0.53,42.59,10.46,7.68,0.13,1493.32,99.6
0.739,8.27,0.4,33.09,22.73,9.13,0.71,692.01,99.63
0.744,10.14,0.35,20.62,15.7,7.8,0,732.14,100
0.725,16.35,0.35,21.14,23.88,11.28,0.28,572.68,99.16
0.767,4.26,0.4,26.61,25.37,6.17,0.8,703.99,97.89
0.79,6.22,0.49,38.23,21.18,10.11,0.74,977.39,98.28
0.729,10.74,0.39,21.35,34.49,11.35,0.36,605.79,100
0.729,10.75,0.47,25.03,36.78,9.08,0.47,677.3,97.92
0.74,6.75,0.41,16.44,24.22,6.72,0.82,686.89,99.19
